{"cameraMode":{"drawMode":0,"name":"Shaded","section":"Shading Mode"},"sceneLighting":true,"audioPlay":false,"sceneViewState":{"m_AlwaysRefresh":false,"showFog":true,"showSkybox":true,"showFlares":true,"showImageEffects":true,"showParticleSystems":true,"showVisualEffectGraphs":true,"m_FxEnabled":true},"in2DMode":false,"pivot":{"x":-0.31897324323654177,"y":1.0691275596618653,"z":1.8654758930206299},"rotation":{"x":0.07477234303951264,"y":-0.186750590801239,"z":-0.01425421703606844,"w":-0.9794788360595703},"size":0.45092490315437319,"orthographic":false}